SAMPLE_ID,GENE,AGE,NORMAL_VAF,TUMOR_VAF,CANCER_TYPE,CASE,DISEASE,CASE2,AGE2,SEX,RACE,STATUS,GROUP,ANNOTATION,REF_READS_BLOOD,VAR_READ_BLOOD,COPY_NUMBER_BLOOD,REF_READS_TUMOR,VAR_READS_TUMOR,COPY_NUMBER_TUMOR,CN_INFO,CHR,START,STOP,REF,ALT
1,ASXL1,76,35.03,4.18,LUAD,TCGA-05-4403-dbl,LUAD,TCGA-05-4403-dbl,76,MALE,null,ALIVE,AML,p.R548fs,128,69,2,229,10,1.962,10A:2;01A:1.962,20,31021642,31021643,0,T
1,JAK2,76,41.62,6.38,LUAD,TCGA-05-4403-dbl,LUAD,TCGA-05-4403-dbl,76,MALE,null,ALIVE,AML,p.V617F,108,77,2.001,88,6,1.975,01A:1.975;10A:2.001,9,5073770,5073770,G,T
1,DNMT3A,81,15.79,3.26,GBM,TCGA-06-0142,GBM,TCGA-06-0142,81,MALE,WHITE,DEAD,AML,p.R882C,64,12,2.009,89,3,2.011,10A:2.009;01A:2.011,2,25457243,25457243,G,A
1,JAK2,57,21.52,0.87,GBM,TCGA-06-0240,GBM,TCGA-06-0240,57,MALE,WHITE,DEAD,AML,p.V617F,186,51,2.015,114,1,1.993,10A:2.015;01A:1.993,9,5073770,5073770,G,T
1,DNMT3A,75,38,4,GBM,TCGA-06-2558-dbl,GBM,TCGA-06-2558-dbl,75,FEMALE,WHITE,DEAD,AML,p.Y584fs,31,19,2.004,24,1,2.142,01A:2.142;10A:2.004,2,25467125,25467125,A,0
1,TET2,75,33.01,2.09,GBM,TCGA-06-2558-dbl,GBM,TCGA-06-2558-dbl,75,FEMALE,WHITE,DEAD,AML,p.Q764fs,69,34,2.003,234,5,2.104,10A:2.003;01A:2.104,4,106157384,106157385,0,C
1,TET2,83,50,2.73,GBM,TCGA-06-2559-dbl,GBM,TCGA-06-2559-dbl,83,MALE,WHITE,DEAD,AML,p.F381fs,91,91,2.006,321,9,1.996,01A:1.996;10A:2.006,4,106156242,106156242,C,0
1,TET2,83,20.39,0.78,GBM,TCGA-06-2559-dbl,GBM,TCGA-06-2559-dbl,83,MALE,WHITE,DEAD,AML,p.Q888*,82,21,2.006,127,1,1.996,01A:1.996;10A:2.006,4,106157761,106157761,C,T
1,DNMT3A,72,20.6,0.87,GBM,TCGA-06-2563,GBM,TCGA-06-2563,72,FEMALE,WHITE,ALIVE,AML,p.E469*,185,48,2.003,229,2,2.008,10A:2.003;01A:2.008,2,25469053,25469053,C,A
1,DNMT3A,76,11.81,0,GBM,TCGA-12-3649,GBM,TCGA-12-3649,76,MALE,WHITE,DEAD,AML,e21-2,112,15,1.996,69,0,2.066,10A:1.996;01A:2.066,2,25458696,25458696,T,C
1,MECOM,52,13.85,1.2,OV,TCGA-13-0919-dbl,OV,TCGA-13-0919-dbl,52,FEMALE,WHITE,ALIVE,notAML,p.T982N,56,9,2.005,82,1,2.288,10A:2.005;01A:2.288,3,168812911,168812911,G,T
1,SNX25,52,12.24,0,OV,TCGA-13-0919-dbl,OV,TCGA-13-0919-dbl,52,FEMALE,WHITE,ALIVE,notAML,p.A745T,42,6,2.002,44,0,1.893,10A:2.002;01A:1.893,4,186283151,186283151,G,A
1,TP53,52,14.29,0,OV,TCGA-13-0919-dbl,OV,TCGA-13-0919-dbl,52,FEMALE,WHITE,ALIVE,AML,p.C275Y,42,7,1.972,42,0,1.519,01A:1.519;10A:1.972,17,7577114,7577114,C,T
1,GNAS,76,14.44,0.47,GBM,TCGA-19-2625,GBM,TCGA-19-2625,76,FEMALE,WHITE,DEAD,AML,p.R202H,77,13,2.014,214,1,2.183,10A:2.014;01A:2.183,20,57484421,57484421,G,A
1,DNMT3A,76,31.91,5,LUSC,TCGA-21-5783,LUSC,TCGA-21-5783,76,MALE,WHITE,DEAD,AML,p.R882H,32,15,1.999,76,4,2.67,01A:2.67;10A:1.999,2,25457242,25457242,C,T
1,HDAC4,72,18,1.45,GBM,TCGA-26-5135-dbl,GBM,TCGA-26-5135-dbl,72,FEMALE,WHITE,DEAD,notAML,p.P412R,40,9,2,68,1,2.014,10A:2;01A:2.014,2,240056000,240056000,G,C
1,JAK2,72,73.39,0.71,GBM,TCGA-26-5135-dbl,GBM,TCGA-26-5135-dbl,72,FEMALE,WHITE,DEAD,AML,p.V617F,58,160,1.985,275,2,2.022,10A:1.985;01A:2.022,9,5073770,5073770,G,T
1,PRKDC,72,36.46,1.06,GBM,TCGA-26-5135-dbl,GBM,TCGA-26-5135-dbl,72,FEMALE,WHITE,DEAD,notAML,p.Q1389R,61,35,1.998,93,1,2.013,10A:1.998;01A:2.013,8,48801686,48801686,T,C
1,SETBP1,72,30.95,0.68,GBM,TCGA-26-5135-dbl,GBM,TCGA-26-5135-dbl,72,FEMALE,WHITE,DEAD,AML,p.E603A,87,39,1.999,144,1,2.023,10A:1.999;01A:2.023,18,42531113,42531113,A,C
1,TET2,72,19.05,0.79,GBM,TCGA-26-5135-dbl,GBM,TCGA-26-5135-dbl,72,FEMALE,WHITE,DEAD,AML,p.T229fs,102,24,2.004,126,1,1.992,01A:1.992;10A:2.004,4,106155778,106155779,0,A
1,TET2,85,15.09,5.71,OV,TCGA-36-2543,OV,TCGA-36-2543,85,FEMALE,null,DEAD,AML,p.K889*,135,24,2.013,132,8,1.573,10A:2.013;01A:1.573,4,106157764,106157764,A,T
1,ASXL1,56,29.7,5.73,LUSC,TCGA-37-4130,LUSC,TCGA-37-4130,56,MALE,WHITE,ALIVE,AML,p.Y591fs,142,60,2.007,247,15,3.097,10A:2.007;01A:3.097,20,31022285,31022286,TT,0
1,SF3B1,89,13.86,0,GBM,TCGA-41-2571,GBM,TCGA-41-2571,89,MALE,WHITE,DEAD,AML,p.K700E,87,14,1.992,175,0,2.037,10A:1.992;01A:2.037,2,198266834,198266834,T,C
1,DNMT3A,71,33.33,5.71,LUSC,TCGA-46-6025,LUSC,TCGA-46-6025,71,MALE,WHITE,ALIVE,AML,p.N516fs,98,49,1.968,132,8,2.622,10A:1.968;01A:2.622,2,25468129,25468129,T,0
1,TP53,70,34.62,6.67,LUAD,TCGA-50-5049,LUAD,TCGA-50-5049,70,MALE,WHITE,ALIVE,AML,p.R273L,17,9,2.003,28,2,1.727,01A:1.727;10A:2.003,17,7577120,7577120,C,A
1,ATM,68,19.05,2.13,LUSC,TCGA-52-7812,LUSC,TCGA-52-7812,68,MALE,WHITE,DEAD,notAML,p.R337C,51,12,2.002,46,1,2.05,01A:2.05;10A:2.002,11,108117798,108117798,C,T
1,DNMT3A,76,11.11,1.85,LUAD,TCGA-55-7815,LUAD,TCGA-55-7815,76,MALE,null,ALIVE,AML,e13+1,72,9,2.001,53,1,2.043,10A:2.001;11A:1.998;01A:2.043,2,25467408,25467408,C,A
1,GNAS,69,21.43,0,LUAD,TCGA-67-4679,LUAD,TCGA-67-4679,69,MALE,WHITE,ALIVE,AML,p.R202H,77,21,2.005,84,0,1.969,10A:2.005;01B:1.969,20,57484421,57484421,G,A
1,TET2,75,26.42,0,LUAD,TCGA-69-7764,LUAD,TCGA-69-7764,75,MALE,WHITE,ALIVE,AML,p.Q831fs,39,14,1.999,33,0,1.549,10A:1.999;01A:1.549,4,106157588,106157589,0,A
1,DNMT3A,64,35.56,1.92,GBM,TCGA-81-5910-dbl,GBM,TCGA-81-5910-dbl,64,MALE,WHITE,DEAD,AML,p.R882H,29,16,1.995,51,1,2.015,10A:1.995;01A:2.015,2,25457242,25457242,C,T
1,TET2,64,11.67,0,GBM,TCGA-81-5910-dbl,GBM,TCGA-81-5910-dbl,64,MALE,WHITE,DEAD,AML,p.H863fs,53,7,2,75,0,2.063,10A:2;01A:2.063,4,106157684,106157685,0,A
1,ASXL1,75,20,3.24,LUAD,TCGA-86-8281,LUAD,TCGA-86-8281,75,MALE,WHITE,ALIVE,AML,p.Q575*,108,27,2.004,179,6,2.01,10A:2.004;01A:2.01,20,31022238,31022238,C,T
1,SF1,63,11.76,0,LUAD,TCGA-95-7043-dbl,LUAD,TCGA-95-7043-dbl,63,FEMALE,WHITE,ALIVE,AML,p.G407V,30,4,2.005,42,0,2.523,10A:2.005;01A:2.523,11,64535165,64535165,C,A
1,SOS1,63,12.5,0,LUAD,TCGA-95-7043-dbl,LUAD,TCGA-95-7043-dbl,63,FEMALE,WHITE,ALIVE,notAML,p.G414W,28,4,2.003,47,0,2.197,01A:2.197;10A:2.003,2,39250329,39250329,C,A
1,BCORL1,null,16.67,0,LUAD,TCGA-95-8494-dbl,LUAD,TCGA-95-8494-dbl,null,null,null,null,AML,p.G883E,20,4,null,101,0,null,null,X,129149396,129149396,G,A
1,TP53,null,18,0,LUAD,TCGA-95-8494-dbl,LUAD,TCGA-95-8494-dbl,null,null,null,null,AML,p.Q136*,79,18,2.004,49,0,1.503,01A:1.503;10A:2.004,17,7578524,7578524,G,A
1,GUCY1A2,76,31.82,0,LUAD,TCGA-97-7938-dbl,LUAD,TCGA-97-7938-dbl,76,FEMALE,WHITE,DEAD,notAML,p.K643N,15,7,2.009,27,0,1.993,10A:2.009;01A:1.993,11,106617277,106617277,C,A
1,TET2,76,16.25,3.64,LUAD,TCGA-97-7938-dbl,LUAD,TCGA-97-7938-dbl,76,FEMALE,WHITE,DEAD,AML,p.R550*,67,13,2.004,106,4,1.992,10A:2.004;01A:1.992,4,106156747,106156747,C,T
1,AXL,67,11.05,0,LUAD,TCGA-97-8174-dbl,LUAD,TCGA-97-8174-dbl,67,MALE,WHITE,DEAD,AML,p.G517D,161,20,1.995,75,0,2.257,10A:1.995;01A:2.257,19,41754431,41754431,G,A
1,CDKN2A,67,21.62,0,LUAD,TCGA-97-8174-dbl,LUAD,TCGA-97-8174-dbl,67,MALE,WHITE,DEAD,AML,p.E120*,58,16,2.005,42,0,1.793,10A:2.005;01A:1.793,9,21971000,21971000,C,A
1,DIDO1,67,17.36,0,LUAD,TCGA-97-8174-dbl,LUAD,TCGA-97-8174-dbl,67,MALE,WHITE,DEAD,notAML,p.H1557R,100,21,1.998,75,0,1.859,10A:1.998;01A:1.859,20,61512638,61512638,T,C
1,MBD1,67,10.53,0,LUAD,TCGA-97-8174-dbl,LUAD,TCGA-97-8174-dbl,67,MALE,WHITE,DEAD,notAML,p.S63N,102,12,2.004,66,0,1.877,10A:2.004;01A:1.877,18,47806253,47806253,C,T
1,ASXL1,72,14.29,0,LUAD,TCGA-97-8179-dbl,LUAD,TCGA-97-8179-dbl,72,MALE,WHITE,ALIVE,AML,p.Q733*,36,6,2.009,52,0,2.36,10A:2.009;01A:2.36,20,31022712,31022712,C,T
1,CREBBP,72,12.31,0,LUAD,TCGA-97-8179-dbl,LUAD,TCGA-97-8179-dbl,72,MALE,WHITE,ALIVE,AML,p.A259S,171,24,2.012,128,0,2.381,10A:2.012;01A:2.381,16,3900321,3900321,C,A
1,JAK2,72,27.62,2.8,LUAD,TCGA-99-8025,LUAD,TCGA-99-8025,72,FEMALE,BLACK OR AFRICAN AMERICAN,ALIVE,AML,p.V617F,76,29,2.002,139,4,1.848,01A:1.848;10A:2.002,9,5073770,5073770,G,T
1,ASXL1,81,27.27,7.69,UCEC,TCGA-A5-A0R8,UCEC,TCGA-A5-A0R8,81,FEMALE,WHITE,ALIVE,AML,p.Q733fs,16,6,2.003,48,4,2.005,10A:2.003;01A:2.005,20,31022713,31022713,A,0
1,PPM1D,79,35.42,2.11,BRCA,TCGA-A7-A0CH,BRCA,TCGA-A7-A0CH,79,FEMALE,WHITE,ALIVE,AML,p.Q520*,124,68,null,230,5,1.982,11A:1.998;01A:1.982,17,58740653,58740653,C,T
1,TET2,48,11.9,0,KIRC,TCGA-AK-3433,KIRC,TCGA-AK-3433,48,FEMALE,WHITE,ALIVE,AML,p.Q531*,37,5,2.007,35,0,2.733,10A:2.007;01A:2.733,4,106156690,106156690,C,T
1,JAK2,59,35.9,5.33,UCEC,TCGA-AP-A0LQ,UCEC,TCGA-AP-A0LQ,59,FEMALE,WHITE,ALIVE,AML,p.V617F,75,42,2.007,160,9,1.975,10A:2.007;01A:1.975,9,5073770,5073770,G,T
1,MYLK,82,19.18,0,UCEC,TCGA-AX-A05T,UCEC,TCGA-AX-A05T,82,FEMALE,WHITE,ALIVE,AML,p.Q1392*,59,14,null,70,0,1.972,01A:1.972,3,123376087,123376087,G,A
1,DNMT3A,77,33.85,0,UCEC,TCGA-AX-A060,UCEC,TCGA-AX-A060,77,FEMALE,AMERICAN INDIAN OR ALASKA NATIVE,ALIVE,AML,e22-1,43,22,null,34,0,1.95,01A:1.95,2,25457290,25457290,C,A
1,SF3B1,77,43.04,10,KIRC,TCGA-B0-5698,KIRC,TCGA-B0-5698,77,MALE,BLACK OR AFRICAN AMERICAN,ALIVE,AML,p.K700E,45,34,1.993,90,10,1.981,10A:1.993;01A:1.981,2,198266834,198266834,T,C
1,DNMT3A,79,15.94,0,KIRC,TCGA-B2-5636,KIRC,TCGA-B2-5636,79,MALE,WHITE,ALIVE,AML,e13+1,58,11,2.005,52,0,2.001,10A:2.005;11A:2.001,2,25467408,25467408,C,G
1,JAK2,59,28.57,1.46,KIRC,TCGA-B4-5834,KIRC,TCGA-B4-5834,59,MALE,WHITE,ALIVE,AML,p.V617F,75,30,2.002,202,3,1.989,10A:2.002;01A:1.989,9,5073770,5073770,G,T
1,TET2,89,16.78,0.93,UCEC,TCGA-BG-A0W1,UCEC,TCGA-BG-A0W1,89,FEMALE,WHITE,ALIVE,AML,p.Q644*,251,51,2.003,107,1,1.87,10A:2.003;01A:1.87,4,106157029,106157029,C,T
1,SH2B3,66,22.39,5.56,BRCA,TCGA-BH-A0B1,BRCA,TCGA-BH-A0B1,66,FEMALE,WHITE,ALIVE,AML,e3+1,104,30,2.002,51,3,null,10A:2.002,12,111884838,111884838,G,A
1,DNMT3A,64,34.88,9,BRCA,TCGA-BH-A0DL,BRCA,TCGA-BH-A0DL,64,FEMALE,WHITE,ALIVE,AML,p.F851fs,252,135,1.998,465,46,2.117,10A:1.998;11A:2.002;01A:2.117,2,25458620,25458620,G,0
1,RICTOR,71,18.75,0,BRCA,TCGA-BH-A0DS,BRCA,TCGA-BH-A0DS,71,FEMALE,WHITE,ALIVE,notAML,e9-1,38,9,2.001,74,0,2.029,10A:2.001;01A:2.029,5,38978753,38978753,C,T
1,JAK2,74,42.92,8.77,UCEC,TCGA-BK-A139,UCEC,TCGA-BK-A139,74,FEMALE,WHITE,ALIVE,AML,p.V617F,124,94,1.996,156,15,1.58,10A:1.996;01A:1.58;02A:1.604,9,5073770,5073770,G,T
1,DNMT3A,69,12.17,0,STAD,TCGA-BR-7197,STAD,TCGA-BR-7197,69,MALE,WHITE,ALIVE,AML,p.R882C,101,14,1.998,62,0,1.92,01A:1.92;10A:1.998;11A:2.01,2,25457243,25457243,G,A
1,ASXL1,65,17.88,1.57,STAD,TCGA-BR-8373,STAD,TCGA-BR-8373,65,FEMALE,WHITE,ALIVE,AML,p.Y591*,124,27,1.986,125,2,2.389,10A:1.986;01A:2.389,20,31022288,31022288,C,A
1,DNMT3A,75,16.03,0,STAD,TCGA-BR-A4QL-dbl,STAD,TCGA-BR-A4QL-dbl,75,FEMALE,WHITE,ALIVE,AML,p.S770*,131,25,2.008,130,0,1.982,01A:1.982;10A:2.008,2,25463184,25463184,G,T
1,NOTCH3,75,31.43,0,STAD,TCGA-BR-A4QL-dbl,STAD,TCGA-BR-A4QL-dbl,75,FEMALE,WHITE,ALIVE,notAML,p.A284T,24,11,2.001,48,0,1.976,10A:2.001;01A:1.976,19,15302421,15302421,C,T
1,DNMT3A,72,24.14,0,HNSC,TCGA-CR-7370,HNSC,TCGA-CR-7370,72,FEMALE,WHITE,ALIVE,AML,p.K577fs,22,7,2.001,23,0,1.932,10A:2.001;01A:1.932,2,25467145,25467145,T,0
1,CBL,83,18.98,5.88,HNSC,TCGA-CR-7376,HNSC,TCGA-CR-7376,83,MALE,WHITE,ALIVE,AML,p.R540*,111,26,2.004,111,7,1.994,10A:2.004;01A:1.994,11,119155953,119155953,C,T
1,PPM1D,49,21.23,3.31,UCEC,TCGA-D1-A16D,UCEC,TCGA-D1-A16D,49,FEMALE,WHITE,ALIVE,AML,p.S468*,115,31,2.007,146,5,1.998,10A:2.007;01A:1.998,17,58740498,58740498,C,G
1,DNMT3A,74,22.06,5.71,UCEC,TCGA-D1-A16G,UCEC,TCGA-D1-A16G,74,FEMALE,WHITE,DEAD,AML,p.W314*,106,30,1.998,165,10,2.463,10A:1.998;01A:2.463,2,25470533,25470533,C,T
1,GNAS,59,11.54,1.45,HNSC,TCGA-D6-A4Z9,HNSC,TCGA-D6-A4Z9,59,MALE,WHITE,ALIVE,AML,p.R202H,69,9,2.004,68,1,2.092,10A:2.004;01A:2.092,20,57484421,57484421,G,A
1,IDH2,72,38.3,0,STAD,TCGA-D7-8574-dbl,STAD,TCGA-D7-8574-dbl,72,MALE,WHITE,ALIVE,AML,p.R140Q,29,18,2,41,0,1.993,10A:2;01A:1.993,15,90631934,90631934,C,T
1,ZRSR2,72,38.3,0,STAD,TCGA-D7-8574-dbl,STAD,TCGA-D7-8574-dbl,72,MALE,WHITE,ALIVE,AML,e9+1,29,18,null,41,0,null,null,X,15836766,15836766,G,C
1,DNMT3A,60,18.29,6.25,STAD,TCGA-D7-A4Z0,STAD,TCGA-D7-A4Z0,60,FEMALE,WHITE,ALIVE,AML,p.R882C,67,15,null,75,5,1.952,01A:1.952,2,25457243,25457243,G,A
1,TP53,62,15.96,5.13,STAD,TCGA-D7-A6F2,STAD,TCGA-D7-A6F2,62,MALE,WHITE,Alive,AML,p.Q144*,79,15,NULL,37,2,NULL,NULL,17,7578500,7578500,G,A
1,ASXL2,66,17.37,0.6,LGG,TCGA-DU-6400,LGG,TCGA-DU-6400,66,FEMALE,WHITE,DEAD,AML,e12-2,138,29,1.996,167,1,2.196,10A:1.996;01A:2.196,2,25973284,25973284,T,C
1,DNMT3A,62,21.43,0,BRCA,TCGA-E9-A1RG,BRCA,TCGA-E9-A1RG,62,FEMALE,WHITE,ALIVE,AML,p.R882H,22,6,2.002,23,0,2.195,01A:2.195;10A:2.002,2,25457242,25457242,C,T
1,BCORL1,56,22.45,0,PRAD,TCGA-EJ-5526,PRAD,TCGA-EJ-5526,56,MALE,WHITE,ALIVE,AML,p.S264*,114,33,null,128,0,null,null,X,129147539,129147539,C,G
1,DNMT3A,60,35.79,3.7,PRAD,TCGA-G9-6356,PRAD,TCGA-G9-6356,60,MALE,WHITE,ALIVE,AML,e12-1,61,34,2,78,3,2.008,10A:2;11A:2.003;01A:2.008,2,25468202,25468202,C,G
1,JAK2,45,15.87,0,LGG,TCGA-HW-7495,LGG,TCGA-HW-7495,45,FEMALE,WHITE,ALIVE,AML,p.V617F,53,10,2.007,113,0,2.031,10A:2.007;01A:2.031,9,5073770,5073770,G,T